game_id,listing_id,platform_guess,is_standard_edition,is_bundle,is_excluded,exclude_reason,needs_detail_scrape,seen_count,best_rank,price_raw,sold_flag_raw,listing_url,title_raw
pragmata_switch2,m20448187266,Switch 2,1,0,0,,1,3,1,5200,ITEM_STATUS_ON_SALE,https://jp.mercari.com/item/m20448187266,Switch2 プラグマタ
pragmata_switch2,m12476978300,Switch 2,1,0,0,,1,3,2,5200,ITEM_STATUS_ON_SALE,https://jp.mercari.com/item/m12476978300,PRAGMATA プラグマタ Switch2
pragmata_switch2,m32685420982,unknown,1,0,0,,1,2,3,5599,ITEM_STATUS_ON_SALE,https://jp.mercari.com/item/m32685420982,PRAGMATA プラグマタ　Switche2版
pragmata_switch2,m98770522338,Switch 2,1,0,0,,1,3,3,5700,ITEM_STATUS_ON_SALE,https://jp.mercari.com/item/m98770522338,PRAGMATA プラグマタ Nintendo Switch2 ソフト
pragmata_switch2,m75685383362,Switch 2,1,0,0,,1,2,4,5400,ITEM_STATUS_ON_SALE,https://jp.mercari.com/item/m75685383362,Switch2 ソフト プラグマタ
pragmata_switch2,m98228493325,Switch 2,1,0,0,,1,2,4,5500,ITEM_STATUS_ON_SALE,https://jp.mercari.com/item/m98228493325,PRAGMATAプラグマタNintendo Switch 2版 早期購入特典あり
pragmata_switch2,m44687938961,Switch 2,1,0,0,,1,3,5,5500,ITEM_STATUS_ON_SALE,https://jp.mercari.com/item/m44687938961,Switch2 プラグマタ
pragmata_switch2,m62088865050,Switch 2,1,0,0,,1,2,5,5600,ITEM_STATUS_ON_SALE,https://jp.mercari.com/item/m62088865050,PRAGMATA プラグマタ Nintendo Switch 2 ソフト
pragmata_switch2,m27681485257,Switch 2,1,0,0,,1,3,6,5300,ITEM_STATUS_ON_SALE,https://jp.mercari.com/item/m27681485257,PRAGMATA プラグマタ Switch2ソフト 動作確認済
pragmata_switch2,m70640381866,Switch 2,1,0,0,,1,3,7,5700,ITEM_STATUS_ON_SALE,https://jp.mercari.com/item/m70640381866,Switch2 プラグマタ
pragmata_switch2,m40929037386,Switch 2,1,0,0,,1,1,7,5600,ITEM_STATUS_ON_SALE,https://jp.mercari.com/item/m40929037386,プラグマタ Nintendo Switch 2 ソフト
pragmata_switch2,m48656263726,Switch 2,1,0,0,,1,4,8,6099,ITEM_STATUS_ON_SALE,https://jp.mercari.com/item/m48656263726,新品未開封★PRAGMATA Nintendo Switch2ソフト　プラグマタ
pragmata_switch2,m86377366851,unknown,1,0,0,,1,1,9,440,ITEM_STATUS_ON_SALE,https://jp.mercari.com/item/m86377366851,プラグマタ
pragmata_switch2,m97574326683,Switch 2,1,0,0,,1,2,9,5600,ITEM_STATUS_ON_SALE,https://jp.mercari.com/item/m97574326683,⭐︎美品⭐︎Switch2⭐︎プラグマタ⭐︎
pragmata_switch2,m18647947109,Switch 2,1,0,0,,1,3,10,6000,ITEM_STATUS_ON_SALE,https://jp.mercari.com/item/m18647947109,プラグマタ（PRAGMATA ）Nintendo Switch2ソフト
pragmata_switch2,m65020560192,Switch 2,1,0,0,,1,3,11,6000,ITEM_STATUS_ON_SALE,https://jp.mercari.com/item/m65020560192,Nintendo Switch2 プラグマタ PRAGMATA 早期購入特典付き
pragmata_switch2,m35173364531,Switch 2,1,0,0,,1,2,12,6000,ITEM_STATUS_ON_SALE,https://jp.mercari.com/item/m35173364531,プラグマタ Switch2
pragmata_switch2,m70793065048,Switch 2,1,0,0,,1,3,13,5800,ITEM_STATUS_ON_SALE,https://jp.mercari.com/item/m70793065048,Switch2 プラグマタ
pragmata_switch2,m97198411536,Switch 2,1,0,0,,1,2,14,6111,ITEM_STATUS_ON_SALE,https://jp.mercari.com/item/m97198411536,【新品未開封】プラグマタ switch2
pragmata_switch2,m88019363558,Switch 2,1,0,0,,1,3,15,6555,ITEM_STATUS_ON_SALE,https://jp.mercari.com/item/m88019363558,プラグマタ PRAGMATA Nintendo Switch2 ソフト 未開封
pragmata_switch2,m47788437528,Switch 2,1,0,0,,1,3,16,5960,ITEM_STATUS_ON_SALE,https://jp.mercari.com/item/m47788437528,Switch2 プラグマタ
pragmata_switch2,m89484903548,Switch 2,1,0,0,,1,1,16,6000,ITEM_STATUS_ON_SALE,https://jp.mercari.com/item/m89484903548,新品未使用　PRAGMATA（SWITCH2）
pragmata_switch2,m22808498676,Switch 2,1,0,0,,1,2,17,6100,ITEM_STATUS_SOLD_OUT,https://jp.mercari.com/item/m22808498676,Switch2 プラグマタ
pragmata_switch2,m41538005249,unknown,1,0,0,,1,1,17,5500,ITEM_STATUS_ON_SALE,https://jp.mercari.com/item/m41538005249,PRAGMATA Nintendo Switch ソフト
pragmata_switch2,m79882836245,Switch 2,1,0,0,,1,2,17,5790,ITEM_STATUS_ON_SALE,https://jp.mercari.com/item/m79882836245,プラグマタ Nintendo Switch2 ソフト
pragmata_switch2,m51864239317,Switch 2,1,0,0,,1,3,18,5800,ITEM_STATUS_ON_SALE,https://jp.mercari.com/item/m51864239317,PRAGMATA プラグマタ Nintendo Switch2 ソフト
pragmata_switch2,m84469022780,Switch 2,1,0,0,,1,2,19,6300,ITEM_STATUS_SOLD_OUT,https://jp.mercari.com/item/m84469022780,Switch2 プラグマタ
pragmata_switch2,m14485865601,Switch 2,1,0,0,,1,3,19,5900,ITEM_STATUS_ON_SALE,https://jp.mercari.com/item/m14485865601,Switch2 プラグマタ
pragmata_switch2,m68683708290,unknown,1,0,0,,1,1,20,6399,ITEM_STATUS_ON_SALE,https://jp.mercari.com/item/m68683708290,PRAGMATA Nintendo Switch ソフト
pragmata_switch2,m76315527585,Switch 2,1,0,0,,1,2,21,6500,ITEM_STATUS_SOLD_OUT,https://jp.mercari.com/item/m76315527585,Switch2 プラグマタ
pragmata_switch2,m19059345226,ambiguous,1,0,0,,1,1,21,300,ITEM_STATUS_SOLD_OUT,https://jp.mercari.com/item/m19059345226,プラグマタ抽選　Nintendo Switch2版・PS5版　賞品　応募券6枚
pragmata_switch2,m96831160808,unknown,1,0,0,,1,1,22,6000,ITEM_STATUS_ON_SALE,https://jp.mercari.com/item/m96831160808,プラグマタ ディアナ アクリルブロック PRAGMATA
pragmata_switch2,m79327439605,Switch 2,1,0,0,,1,2,22,6200,ITEM_STATUS_ON_SALE,https://jp.mercari.com/item/m79327439605,プラグマタ　Switch2
pragmata_switch2,m40221428114,Switch 2,1,0,0,,1,3,23,6000,ITEM_STATUS_ON_SALE,https://jp.mercari.com/item/m40221428114,プラグマタ　PRAGMATA Nintendo Switch2 ソフト
pragmata_switch2,m37922349739,Switch 2,1,0,0,,1,3,24,6800,ITEM_STATUS_ON_SALE,https://jp.mercari.com/item/m37922349739,プラグマタ（PRAGMATA） switch2
pragmata_switch2,m56025669655,Switch 2,1,0,0,,1,1,24,5800,ITEM_STATUS_ON_SALE,https://jp.mercari.com/item/m56025669655,プラグマタ　Nintendo Switch 2 ソフト
pragmata_switch2,m56295479280,unknown,1,0,0,,1,1,25,6000,ITEM_STATUS_ON_SALE,https://jp.mercari.com/item/m56295479280,PRAGMATA Nintendo Switch ソフト
pragmata_switch2,m99779970000,unknown,1,0,0,,1,2,25,5980,ITEM_STATUS_ON_SALE,https://jp.mercari.com/item/m99779970000,プラグマタ PRAGMATA Switch スイッチ 2 動作確認済み 送料込み
pragmata_switch2,m35960571915,Switch 2,1,0,0,,1,1,26,6900,ITEM_STATUS_SOLD_OUT,https://jp.mercari.com/item/m35960571915,プラグマタ PRAGMATA Switch2 早期購入特典未使用
pragmata_switch2,m15599452559,Switch 2,1,0,0,,1,2,27,12000,ITEM_STATUS_ON_SALE,https://jp.mercari.com/item/m15599452559,真・三國無双 ORIGINS プラグマタNintendo Switch2
pragmata_switch2,m64321350831,Switch 2,1,0,0,,1,2,28,6100,ITEM_STATUS_ON_SALE,https://jp.mercari.com/item/m64321350831,Switch2 プラグマタ 　早期購入特典使用済み
pragmata_switch2,m34953217938,unknown,1,0,0,,1,1,29,7100,ITEM_STATUS_ON_SALE,https://jp.mercari.com/item/m34953217938,amiibo PRAGMATA DIANA フィギュア
pragmata_switch2,m35843513389,Switch 2,1,0,0,,1,1,29,6499,ITEM_STATUS_SOLD_OUT,https://jp.mercari.com/item/m35843513389,Nintendo Switch2 PRAGMATA プラグマタ
pragmata_switch2,m81179684011,Switch 2,1,0,0,,1,1,30,7500,ITEM_STATUS_SOLD_OUT,https://jp.mercari.com/item/m81179684011,プラグマタ switch2
pragmata_switch2,m12891033374,Switch 2,1,0,0,,1,1,31,5650,ITEM_STATUS_ON_SALE,https://jp.mercari.com/item/m12891033374,PRAGMATA Nintendo Switch2 ソフト ※特典付き
pragmata_switch2,m77746920338,Switch 2,1,0,0,,1,1,31,6200,ITEM_STATUS_SOLD_OUT,https://jp.mercari.com/item/m77746920338,PRAGMATA プラグマタ Nintendo Switch2版
pragmata_switch2,m48817144053,Switch 2,1,0,0,,1,1,32,6400,ITEM_STATUS_SOLD_OUT,https://jp.mercari.com/item/m48817144053,プラグマタ switch2 コード未使用
pragmata_switch2,m74945048480,Switch 2,1,0,0,,1,3,33,5900,ITEM_STATUS_ON_SALE,https://jp.mercari.com/item/m74945048480,PRAGMATA プラグマタ Nintendo Switch2 ソフト
pragmata_switch2,m38755491010,Switch 2,1,0,0,,1,1,34,6400,ITEM_STATUS_SOLD_OUT,https://jp.mercari.com/item/m38755491010,プラグマタ PRAGMATA Switch2
pragmata_switch2,2JQrwQuZc5bqzZdnkfm7Z4,Switch 2,1,0,0,,1,1,34,7980,ITEM_STATUS_ON_SALE,https://jp.mercari.com/shops/product/2JQrwQuZc5bqzZdnkfm7Z4,【中古】ニンテンドースイッチ2ハード amiibo ディアナ 【プラグマタ】 (プラグマタシリーズ)
pragmata_switch2,m59722628296,Switch 2,1,0,0,,1,3,35,5899,ITEM_STATUS_ON_SALE,https://jp.mercari.com/item/m59722628296,PRAGMATA Nintendo Switch 2 ソフト
pragmata_switch2,m44244038762,Switch 2,1,0,0,,1,1,36,6600,ITEM_STATUS_SOLD_OUT,https://jp.mercari.com/item/m44244038762,Switch2 プラグマタ　早期購入者特典付き
pragmata_switch2,m34331485747,Switch 2,1,0,0,,1,2,37,6300,ITEM_STATUS_ON_SALE,https://jp.mercari.com/item/m34331485747,プラグマタ Switch2 特典未使用
pragmata_switch2,m81480362696,Switch 2,1,0,0,,1,3,39,6499,ITEM_STATUS_ON_SALE,https://jp.mercari.com/item/m81480362696,Switch2 プラグマタ
pragmata_switch2,m82911083755,unknown,1,0,0,,1,1,40,1799,ITEM_STATUS_ON_SALE,https://jp.mercari.com/item/m82911083755,カプころん　ディアナ　カプコンストア　プラグマタ
pragmata_switch2,m42027670969,Switch 2,1,0,0,,1,1,40,5600,ITEM_STATUS_ON_SALE,https://jp.mercari.com/item/m42027670969,PRAGMATA Nintendo Switch2 ソフト
pragmata_switch2,m76936641584,Switch 2,1,0,0,,1,2,40,7600,ITEM_STATUS_ON_SALE,https://jp.mercari.com/item/m76936641584,Switch2 プラグマタ 新品未開封品
pragmata_switch2,m73027579830,unknown,1,0,0,,1,2,41,17999,ITEM_STATUS_ON_SALE,https://jp.mercari.com/item/m73027579830,Switch２　CAPCOM名作アクション　バイオハザードとプラグマタ
pragmata_switch2,m88374280941,Switch 2,1,0,0,,1,2,42,5800,ITEM_STATUS_SOLD_OUT,https://jp.mercari.com/item/m88374280941,プラグマタ Switch2
pragmata_switch2,m98062295156,unknown,1,0,0,,1,1,43,3200,ITEM_STATUS_ON_SALE,https://jp.mercari.com/item/m98062295156,東京ゲ－ムショウ2025 プラグマタ PRAGMATA スケッチブック 非売品
pragmata_switch2,m46537724022,Switch 2,1,0,0,,1,2,43,6200,ITEM_STATUS_SOLD_OUT,https://jp.mercari.com/item/m46537724022,プラグマタ switch2
pragmata_switch2,m20874059717,unknown,1,0,0,,1,1,44,5300,ITEM_STATUS_ON_SALE,https://jp.mercari.com/item/m20874059717,プラグマタ
pragmata_switch2,m92646430672,Switch 2,1,0,0,,1,1,44,6000,ITEM_STATUS_ON_SALE,https://jp.mercari.com/item/m92646430672,PRAGMATA Nintendo Switch2 ソフト
pragmata_switch2,m37035952242,unknown,1,0,0,,1,1,45,2999,ITEM_STATUS_ON_SALE,https://jp.mercari.com/item/m37035952242,PRAGMATA プラグマタ A4クリアファイル カプコン
pragmata_switch2,m50997850571,unknown,1,0,0,,1,1,47,3333,ITEM_STATUS_ON_SALE,https://jp.mercari.com/item/m50997850571,ディアナ カプころん カプコンストア プラグマタ
pragmata_switch2,m89212956936,unknown,1,0,0,,1,1,47,8999,ITEM_STATUS_ON_SALE,https://jp.mercari.com/item/m89212956936,PRAGMATA DIANA amiibo アミーボ
pragmata_switch2,m92976601985,Switch 2,1,0,0,,1,1,47,6000,ITEM_STATUS_SOLD_OUT,https://jp.mercari.com/item/m92976601985,プラグマタ　スイッチ2
pragmata_switch2,m53763890819,unknown,1,0,0,,1,1,48,6400,ITEM_STATUS_SOLD_OUT,https://jp.mercari.com/item/m53763890819,PRAGMATA Nintendo Switch ソフト
pragmata_switch2,m84689182182,Switch 2,1,0,0,,1,2,48,7550,ITEM_STATUS_SOLD_OUT,https://jp.mercari.com/item/m84689182182,PRAGMATA プラグマタ Nintendo Switch 2 新品
pragmata_switch2,m87525064396,Switch 2,1,0,0,,1,2,49,6300,ITEM_STATUS_ON_SALE,https://jp.mercari.com/item/m87525064396,Switch 2 プラグマタ
pragmata_switch2,m46019902541,unknown,1,0,0,,1,2,49,1333,ITEM_STATUS_ON_SALE,https://jp.mercari.com/item/m46019902541,pragmata　プラグマタ　カプコン　CAPCOM　ステッカー　非売品
pragmata_switch2,m63083037705,Switch 2,1,0,0,,1,2,49,5400,ITEM_STATUS_TRADING,https://jp.mercari.com/item/m63083037705,プラグマタ　Switch2　動作確認済
pragmata_switch2,m82409133454,Switch 2,1,0,0,,1,2,50,6900,ITEM_STATUS_SOLD_OUT,https://jp.mercari.com/item/m82409133454,PRAGMATA Nintendo Switch2 DLC未使用　プラグマタ
pragmata_switch2,m75889609329,unknown,1,0,0,,1,1,51,5800,ITEM_STATUS_ON_SALE,https://jp.mercari.com/item/m75889609329,PRAGMATA Nintendo Switch
pragmata_switch2,m96646729719,unknown,1,0,0,,1,1,52,999,ITEM_STATUS_ON_SALE,https://jp.mercari.com/item/m96646729719,PRAGMATA プラグマタ ディアナ&ヒュー 両面しおり
pragmata_switch2,m69159738463,Switch 2,1,0,0,,1,1,52,6777,ITEM_STATUS_SOLD_OUT,https://jp.mercari.com/item/m69159738463,【特典未使用】プラグマタ Nintendo Switch2
pragmata_switch2,m60912443543,Switch 2,1,0,0,,1,2,52,6700,ITEM_STATUS_SOLD_OUT,https://jp.mercari.com/item/m60912443543,Switch2 プラグマタ
pragmata_switch2,m28325540699,Switch 2,1,0,0,,1,2,53,7399,ITEM_STATUS_SOLD_OUT,https://jp.mercari.com/item/m28325540699,PRAGMATA Nintendo Switch2 DLC未使用
pragmata_switch2,m86191573761,Switch 2,1,0,0,,1,2,54,5600,ITEM_STATUS_SOLD_OUT,https://jp.mercari.com/item/m86191573761,プラグマタ Switch2 早期購入特典付き
pragmata_switch2,2JST7c9aWVNiz7N2g4kAZy,Switch 2,1,0,0,,1,1,55,6480,ITEM_STATUS_ON_SALE,https://jp.mercari.com/shops/product/2JST7c9aWVNiz7N2g4kAZy,【中古美品】 プラグマタ -Switch2 [CERO区分_C/ 15歳以上対象] 【260611-st-02-otoh】
pragmata_switch2,m17897110678,Switch 2,1,0,0,,1,2,55,7666,ITEM_STATUS_SOLD_OUT,https://jp.mercari.com/item/m17897110678,Switch2 プラグマタ 未開封品
pragmata_switch2,m79463199246,unknown,1,0,0,,1,1,56,6800,ITEM_STATUS_SOLD_OUT,https://jp.mercari.com/item/m79463199246,プラグマタ
pragmata_switch2,m60831594965,unknown,1,0,0,,1,1,57,7999,ITEM_STATUS_ON_SALE,https://jp.mercari.com/item/m60831594965,プラグマタ PRAGMATA アクリルブロック 新品未開封
pragmata_switch2,m21497687339,Switch 2,1,0,0,,1,2,57,7100,ITEM_STATUS_SOLD_OUT,https://jp.mercari.com/item/m21497687339,Switch2 プラグマタ　新品　早期購入特典付き
pragmata_switch2,m49497868401,unknown,1,0,0,,1,1,58,6200,ITEM_STATUS_ON_SALE,https://jp.mercari.com/item/m49497868401,PRAGMATA Nintendo Switch ソフト
pragmata_switch2,m33945281381,ambiguous,1,0,0,,1,1,58,444,ITEM_STATUS_SOLD_OUT,https://jp.mercari.com/item/m33945281381,プラグマタ抽選　Nintendo Switch2版・PS5版　賞品　応募券10枚
pragmata_switch2,m54203702626,Switch 2,1,0,0,,1,2,58,7200,ITEM_STATUS_SOLD_OUT,https://jp.mercari.com/item/m54203702626,《通常版(未開封)》Sw2 プラグマタ Nintendo Switch2
pragmata_switch2,m93346524406,unknown,1,0,0,,1,1,59,2999,ITEM_STATUS_ON_SALE,https://jp.mercari.com/item/m93346524406,PRAGMATA プラグマタ Amazon特典 缶マグネット
pragmata_switch2,m44900272976,Switch 2,1,0,0,,1,2,59,6900,ITEM_STATUS_SOLD_OUT,https://jp.mercari.com/item/m44900272976,Switch2 プラグマタ
pragmata_switch2,m49815485699,unknown,1,0,0,,1,1,60,9800,ITEM_STATUS_ON_SALE,https://jp.mercari.com/item/m49815485699,PRAGMATA アクリルスタンド ディアナちゃんのアクスタ
pragmata_switch2,m99767707662,Switch 2,1,0,0,,1,1,60,6900,ITEM_STATUS_SOLD_OUT,https://jp.mercari.com/item/m99767707662,新品未使用 Switch2 プラグマタ
pragmata_switch2,m27627256848,unknown,1,0,0,,1,1,60,2111,ITEM_STATUS_ON_SALE,https://jp.mercari.com/item/m27627256848,未使用品 プラグマタ ダミーパッケージ 2種類
pragmata_switch2,m71138972671,Switch 2,1,0,0,,1,1,61,6666,ITEM_STATUS_SOLD_OUT,https://jp.mercari.com/item/m71138972671,PRAGMATA Switch2 プラグマタ
pragmata_switch2,m56623081487,Switch 2,1,0,0,,1,2,61,6800,ITEM_STATUS_SOLD_OUT,https://jp.mercari.com/item/m56623081487,PRAGMATA Switch2 【早期購入特典未使用】プラグマタ
pragmata_switch2,m29372484969,Switch 2,1,0,0,,1,2,62,6400,ITEM_STATUS_SOLD_OUT,https://jp.mercari.com/item/m29372484969,Switch2 プラグマタ
pragmata_switch2,m56864046858,Switch 2,1,0,0,,1,1,63,5900,ITEM_STATUS_ON_SALE,https://jp.mercari.com/item/m56864046858,PRAGMATA Nintendo Switch 2 ソフト
pragmata_switch2,m85316268709,Switch 2,1,0,0,,1,1,63,6580,ITEM_STATUS_SOLD_OUT,https://jp.mercari.com/item/m85316268709,早期購入特典付 Switch2 プラグマタ
pragmata_switch2,m13830837918,Switch 2,1,0,0,,1,1,63,5888,ITEM_STATUS_SOLD_OUT,https://jp.mercari.com/item/m13830837918,プラグマタ Switch2版
pragmata_switch2,m98563709433,Switch 2,1,0,0,,1,2,64,7140,ITEM_STATUS_SOLD_OUT,https://jp.mercari.com/item/m98563709433,Switch2ソフト プラグマタ
pragmata_switch2,m33777935755,unknown,1,0,0,,1,2,65,1299,ITEM_STATUS_ON_SALE,https://jp.mercari.com/item/m33777935755,非売品　プラグマタ　 ダミージャケット　PRAGMATA　合計4枚　詳細は⇒
pragmata_switch2,m61449525648,Switch 2,1,0,0,,1,1,65,6477,ITEM_STATUS_SOLD_OUT,https://jp.mercari.com/item/m61449525648,PRAGMATA Nintendo Switch2 プラグマタ
pragmata_switch2,m75725664936,Switch 2,1,0,0,,1,1,65,6300,ITEM_STATUS_SOLD_OUT,https://jp.mercari.com/item/m75725664936,プラグマタ PRAGMATA Nintendo Switch 2 コード未使用
pragmata_switch2,m54029135021,Switch 2,1,0,0,,1,1,66,7850,ITEM_STATUS_SOLD_OUT,https://jp.mercari.com/item/m54029135021,【新品・未使用】Switch2 プラグマタ
pragmata_switch2,m37237670740,Switch 2,1,0,0,,1,1,66,6980,ITEM_STATUS_SOLD_OUT,https://jp.mercari.com/item/m37237670740,Switch2 プラグマタ　未開封
pragmata_switch2,m78246838407,unknown,1,0,0,,1,1,67,5900,ITEM_STATUS_ON_SALE,https://jp.mercari.com/item/m78246838407,PRAGMATA Nintendo Switch ソフト
pragmata_switch2,m58644479875,Switch 2,1,0,0,,1,1,67,7980,ITEM_STATUS_SOLD_OUT,https://jp.mercari.com/item/m58644479875,【新品未開封】 Switch2 プラグマタ
pragmata_switch2,m21416096826,Switch 2,1,0,0,,1,1,67,5900,ITEM_STATUS_SOLD_OUT,https://jp.mercari.com/item/m21416096826,PRAGMATA（プラグマタ）【Switch2】
pragmata_switch2,m64221666293,unknown,1,0,0,,1,1,68,8500,ITEM_STATUS_ON_SALE,https://jp.mercari.com/item/m64221666293,プラグマタ　PRAGMATA　アクリルブロック
pragmata_switch2,m57041256599,Switch 2,1,0,0,,1,2,68,6400,ITEM_STATUS_SOLD_OUT,https://jp.mercari.com/item/m57041256599,PRAGMATA プラグマタ　Switch2
pragmata_switch2,m88386315843,Switch 2,1,0,0,,1,1,68,7000,ITEM_STATUS_SOLD_OUT,https://jp.mercari.com/item/m88386315843,CAPCOM PRAGMATA Nintendo Switch2
pragmata_switch2,m52514123496,Switch 2,1,0,0,,1,1,69,6999,ITEM_STATUS_SOLD_OUT,https://jp.mercari.com/item/m52514123496,PRAGMATA プラグマタ Switch2
pragmata_switch2,m88919210652,unknown,1,0,0,,1,1,70,7999,ITEM_STATUS_ON_SALE,https://jp.mercari.com/item/m88919210652,プラグマタ PRAGMATA アクリルブロック 新品 未開封 ①
pragmata_switch2,m81348643373,Switch 2,1,0,0,,1,1,70,6800,ITEM_STATUS_SOLD_OUT,https://jp.mercari.com/item/m81348643373,Switch2 プラグマタ
pragmata_switch2,m26158711553,Switch 2,1,0,0,,1,2,70,6200,ITEM_STATUS_SOLD_OUT,https://jp.mercari.com/item/m26158711553,Switch2 プラグマタ　早期購入特典未使用
pragmata_switch2,m85604948879,unknown,1,0,0,,1,1,71,1999,ITEM_STATUS_ON_SALE,https://jp.mercari.com/item/m85604948879,CAPCOM カプコンストア PRAGMATA プラグマタ ポストカード　父の日
pragmata_switch2,m18797591819,Switch 2,1,0,0,,1,1,71,6900,ITEM_STATUS_SOLD_OUT,https://jp.mercari.com/item/m18797591819,PRAGMATA プラグマタ Switch2
pragmata_switch2,m84013844898,Switch 2,1,0,0,,1,1,71,7999,ITEM_STATUS_SOLD_OUT,https://jp.mercari.com/item/m84013844898,即日発送　新品未開封　Switch2 プラグマタ
pragmata_switch2,m61939583287,Switch 2,1,0,0,,1,1,72,7100,ITEM_STATUS_SOLD_OUT,https://jp.mercari.com/item/m61939583287,【即日発送】プラグマタ PRAGMATA Switch2 【早期購入特典付き】
pragmata_switch2,m66594370761,Switch 2,1,0,0,,1,1,73,6900,ITEM_STATUS_SOLD_OUT,https://jp.mercari.com/item/m66594370761,Switch2 プラグマタ
pragmata_switch2,m19915179720,Switch 2,1,0,0,,1,1,73,5800,ITEM_STATUS_SOLD_OUT,https://jp.mercari.com/item/m19915179720,Switch2 プラグマタ
pragmata_switch2,m51751683476,unknown,1,0,0,,1,1,74,4500,ITEM_STATUS_ON_SALE,https://jp.mercari.com/item/m51751683476,プラグマタ オリジナル B6スケッチブック
pragmata_switch2,m24037313595,Switch 2,1,0,0,,1,1,74,6280,ITEM_STATUS_SOLD_OUT,https://jp.mercari.com/item/m24037313595,Switch2 プラグマタ
pragmata_switch2,m24055687810,Switch 2,1,0,0,,1,2,75,6000,ITEM_STATUS_SOLD_OUT,https://jp.mercari.com/item/m24055687810,PRAGMATA Nintendo Switch 2 ソフト　プラグマタ
pragmata_switch2,m76765967883,Switch 2,1,0,0,,1,1,75,6000,ITEM_STATUS_ON_SALE,https://jp.mercari.com/item/m76765967883,PRAGMATA Nintendo Switch 2ソフト
pragmata_switch2,m24065966449,Switch 2,1,0,0,,1,2,75,6500,ITEM_STATUS_SOLD_OUT,https://jp.mercari.com/item/m24065966449,PRAGMATA プラグマタ　Nintendo Switch2 ソフト
pragmata_switch2,m52749538593,Switch 2,1,0,0,,1,1,76,6800,ITEM_STATUS_ON_SALE,https://jp.mercari.com/item/m52749538593,新作PRAGMATA Nintendo Switch2新品未使用未開封
pragmata_switch2,m93384148786,Switch 2,1,0,0,,1,1,76,7380,ITEM_STATUS_SOLD_OUT,https://jp.mercari.com/item/m93384148786,NintendoSwitch2プラグマタ新品未開封
pragmata_switch2,m56336929770,Switch 2,1,0,0,,1,2,76,6600,ITEM_STATUS_SOLD_OUT,https://jp.mercari.com/item/m56336929770,Switch2 プラグマタ
pragmata_switch2,m22020733009,Switch 2,1,0,0,,1,1,77,6900,ITEM_STATUS_SOLD_OUT,https://jp.mercari.com/item/m22020733009,Switch2 プラグマタ
pragmata_switch2,m58061323350,Switch 2,1,0,0,,1,1,77,6500,ITEM_STATUS_SOLD_OUT,https://jp.mercari.com/item/m58061323350,Switch2 プラグマタ
pragmata_switch2,m91134204916,unknown,1,0,0,,1,1,78,6888,ITEM_STATUS_SOLD_OUT,https://jp.mercari.com/item/m91134204916,PRAGMATA CAPCOM Nintendo Switch プラグマタ
pragmata_switch2,m12177311552,Switch 2,1,0,0,,1,1,80,6200,ITEM_STATUS_ON_SALE,https://jp.mercari.com/item/m12177311552,PRAGMATA Nintendo Switch 2 ソフト
pragmata_switch2,m65630147568,Switch 2,1,0,0,,1,1,80,6500,ITEM_STATUS_SOLD_OUT,https://jp.mercari.com/item/m65630147568,PRAGMATA Switch2 プラグマタ
pragmata_switch2,m15733307889,Switch 2,1,0,0,,1,1,80,6700,ITEM_STATUS_SOLD_OUT,https://jp.mercari.com/item/m15733307889,Switch2 PRAGMATA プラグマタ新品未使用未開封コード付き
pragmata_switch2,m78454105431,Switch 2,1,0,0,,1,1,81,7000,ITEM_STATUS_SOLD_OUT,https://jp.mercari.com/item/m78454105431,【早期購入特典付き】プラグマタ　PRAGMATA Switch2ソフト
pragmata_switch2,m62585805755,Switch 2,1,0,0,,1,1,82,6900,ITEM_STATUS_SOLD_OUT,https://jp.mercari.com/item/m62585805755,Switch2 プラグマタ
pragmata_switch2,m91956111819,Switch 2,1,0,0,,1,1,82,5800,ITEM_STATUS_SOLD_OUT,https://jp.mercari.com/item/m91956111819,【USED美品】プラグマタ Switch2 PRAGMATA カプコン
pragmata_switch2,m43093350170,Switch 2,1,0,0,,1,1,83,6499,ITEM_STATUS_SOLD_OUT,https://jp.mercari.com/item/m43093350170,PRAGMATA Switch2 プラグマタ
pragmata_switch2,m98495700262,Switch 2,1,0,0,,1,1,83,6500,ITEM_STATUS_SOLD_OUT,https://jp.mercari.com/item/m98495700262,Switch2 プラグマタ
pragmata_switch2,m43028752758,unknown,1,0,0,,1,1,84,7500,ITEM_STATUS_SOLD_OUT,https://jp.mercari.com/item/m43028752758,プラグマタ　Switch
pragmata_switch2,m60709076254,Switch 2,1,0,0,,1,1,84,6300,ITEM_STATUS_SOLD_OUT,https://jp.mercari.com/item/m60709076254,Switch2 プラグマタ [早期購入特典未使用]
pragmata_switch2,m84706799347,Switch 2,1,0,0,,1,1,85,6100,ITEM_STATUS_SOLD_OUT,https://jp.mercari.com/item/m84706799347,Switch2 プラグマタ
pragmata_switch2,m73548313404,Switch 2,1,0,0,,1,1,86,5900,ITEM_STATUS_SOLD_OUT,https://jp.mercari.com/item/m73548313404,Nintendo Switch2 プラグマタ 任天堂 ソフト PRAGMATA
pragmata_switch2,m72296549557,Switch 2,1,0,0,,1,1,86,6500,ITEM_STATUS_SOLD_OUT,https://jp.mercari.com/item/m72296549557,Switch2 プラグマタ
pragmata_switch2,m97727068852,unknown,1,0,0,,1,1,87,699,ITEM_STATUS_ON_SALE,https://jp.mercari.com/item/m97727068852,カプコン PRAGMATA プラグマタ 特典 父の日 ポストカード 2枚
pragmata_switch2,m10418569893,Switch 2,1,0,0,,1,1,87,6500,ITEM_STATUS_SOLD_OUT,https://jp.mercari.com/item/m10418569893,中古 Switch2 PRAGMATA プラグマタ
pragmata_switch2,m56512533665,Switch 2,1,0,0,,1,1,87,8300,ITEM_STATUS_SOLD_OUT,https://jp.mercari.com/item/m56512533665,新品・未開封 訳あり ディアナ アミーボ プラグマタ 任天堂 スイッチ2
pragmata_switch2,m48486264738,unknown,1,0,0,,1,1,88,6666,ITEM_STATUS_ON_SALE,https://jp.mercari.com/item/m48486264738,ディアナ ヒュー ガジェットポーチ カプコンストア プラグマタ
pragmata_switch2,m13461635384,Switch 2,1,0,0,,1,1,88,6500,ITEM_STATUS_SOLD_OUT,https://jp.mercari.com/item/m13461635384,Switch2 プラグマタ
pragmata_switch2,m21434592730,unknown,1,0,0,,1,1,88,5680,ITEM_STATUS_SOLD_OUT,https://jp.mercari.com/item/m21434592730,プラグマタ　PRAGMATA 早期特典（クノイチ・ブシドー付き）
pragmata_switch2,m39817452778,Switch 2,1,0,0,,1,1,89,6500,ITEM_STATUS_SOLD_OUT,https://jp.mercari.com/item/m39817452778,PRAGMATA Switch2 プラグマタ特典DL未使用
pragmata_switch2,2JQrwQqA8KoGCbCDxY55CQ,Switch 2,1,0,0,,1,1,89,6520,ITEM_STATUS_ON_SALE,https://jp.mercari.com/shops/product/2JQrwQqA8KoGCbCDxY55CQ,【中古】ニンテンドースイッチ2ソフト プラグマタ [通常版]
pragmata_switch2,m28003455773,Switch 2,1,0,0,,1,2,90,6300,ITEM_STATUS_SOLD_OUT,https://jp.mercari.com/item/m28003455773,Switch2 プラグマタ
pragmata_switch2,m28218271998,Switch 2,1,0,0,,1,1,90,6400,ITEM_STATUS_SOLD_OUT,https://jp.mercari.com/item/m28218271998,Switch2 プラグマタ
pragmata_switch2,m59262135128,Switch 2,1,0,0,,1,1,91,6200,ITEM_STATUS_SOLD_OUT,https://jp.mercari.com/item/m59262135128,【中古】 Nintendo Switch2 プラグマタ PRAGMATA
pragmata_switch2,m45685298920,Switch 2,1,0,0,,1,1,91,6500,ITEM_STATUS_SOLD_OUT,https://jp.mercari.com/item/m45685298920,Switch2 プラグマタ
pragmata_switch2,m66278797906,Switch 2,1,0,0,,1,1,91,6500,ITEM_STATUS_SOLD_OUT,https://jp.mercari.com/item/m66278797906,プラグマタ 初回特典付 PRAGMATA Nintendo Switch2
pragmata_switch2,m62321880547,Switch 2,1,0,0,,1,1,92,6600,ITEM_STATUS_SOLD_OUT,https://jp.mercari.com/item/m62321880547,Switch2 PRAGMATA プラグマタ
pragmata_switch2,m71751998429,Switch 2,1,0,0,,1,1,92,6400,ITEM_STATUS_SOLD_OUT,https://jp.mercari.com/item/m71751998429,Switch2 プラグマタ
pragmata_switch2,m65606622806,unknown,1,0,0,,1,1,93,6500,ITEM_STATUS_SOLD_OUT,https://jp.mercari.com/item/m65606622806,PRAGMATA Nintendo Switch プラグマタ未使用特典コード付
pragmata_switch2,m44745124434,Switch 2,1,0,0,,1,1,93,7000,ITEM_STATUS_SOLD_OUT,https://jp.mercari.com/item/m44745124434,Switch2 PRAGMATA プラグマタ　未開封コード付き
pragmata_switch2,m53053452604,Switch 2,1,0,0,,1,1,94,7300,ITEM_STATUS_SOLD_OUT,https://jp.mercari.com/item/m53053452604,【送料無料】PRAGMATA プラグマタ Switch2 ソフト 新品未開封
pragmata_switch2,m80161928938,Switch 2,1,0,0,,1,1,94,6111,ITEM_STATUS_SOLD_OUT,https://jp.mercari.com/item/m80161928938,プラグマタSwitch 2
pragmata_switch2,m45826202741,Switch 2,1,0,0,,1,1,95,6300,ITEM_STATUS_SOLD_OUT,https://jp.mercari.com/item/m45826202741,Switch2 プラグマタ
pragmata_switch2,m67472312517,Switch 2,1,0,0,,1,1,96,6300,ITEM_STATUS_SOLD_OUT,https://jp.mercari.com/item/m67472312517,PRAGMATA. プラグマタ Nintendo Switch2
pragmata_switch2,m89956096813,Switch 2,1,0,0,,1,1,96,6999,ITEM_STATUS_SOLD_OUT,https://jp.mercari.com/item/m89956096813,プラグマタ　PRAGMATA　SWITCH2
pragmata_switch2,m71053610194,Switch 2,1,0,0,,1,1,96,5700,ITEM_STATUS_SOLD_OUT,https://jp.mercari.com/item/m71053610194,Switch2 プラグマタ　通常版　プロダクトコード未使用
pragmata_switch2,m66497928467,Switch 2,1,0,0,,1,1,97,6199,ITEM_STATUS_SOLD_OUT,https://jp.mercari.com/item/m66497928467,PRAGMATA Nintendo Switch2パッケージ版（早期購入特典）
pragmata_switch2,m37600058915,Switch 2,1,0,0,,1,1,97,6600,ITEM_STATUS_SOLD_OUT,https://jp.mercari.com/item/m37600058915,Switch2 プラグマタ
pragmata_switch2,m72830500189,Switch 2,1,0,0,,1,1,98,6150,ITEM_STATUS_SOLD_OUT,https://jp.mercari.com/item/m72830500189,PRAGMATA Nintendo Switch 2 ソフト　プラグマタ
pragmata_switch2,m42969111940,unknown,1,0,0,,1,1,98,6300,ITEM_STATUS_SOLD_OUT,https://jp.mercari.com/item/m42969111940,PRAGMATA （プラグマタ）Nintendo Switch ソフト
pragmata_switch2,m36885068374,Switch 2,1,0,0,,1,1,99,6200,ITEM_STATUS_SOLD_OUT,https://jp.mercari.com/item/m36885068374,Nintendo Switch2 プラグマタ 任天堂 ソフト PRAGMATA
pragmata_switch2,m75444263754,Switch 2,1,0,0,,1,1,99,7399,ITEM_STATUS_SOLD_OUT,https://jp.mercari.com/item/m75444263754,★★新品 未開封 プラグマタ Nintendo Switch 2 ★★
pragmata_switch2,m93429522479,Switch 2,1,0,0,,1,1,100,5500,ITEM_STATUS_SOLD_OUT,https://jp.mercari.com/item/m93429522479,PRAGMATA Nintendo Switch2ソフト　コード付きプラグマタ
pragmata_switch2,m60278877350,Switch 2,1,0,0,,1,1,101,6500,ITEM_STATUS_SOLD_OUT,https://jp.mercari.com/item/m60278877350,Switch2 プラグマタ
pragmata_switch2,m88485321517,Switch 2,1,0,0,,1,1,101,7080,ITEM_STATUS_SOLD_OUT,https://jp.mercari.com/item/m88485321517,Switch 2 プラグマタ
pragmata_switch2,m93008250217,Switch 2,1,0,0,,1,1,102,6399,ITEM_STATUS_SOLD_OUT,https://jp.mercari.com/item/m93008250217,PRAGMATA プラグマタ Nintendo Switch 2
pragmata_switch2,m97423936107,Switch 2,1,0,0,,1,1,102,7000,ITEM_STATUS_SOLD_OUT,https://jp.mercari.com/item/m97423936107,【新品未開封】プラグマタ switch2
pragmata_switch2,m54161163176,Switch 2,1,0,0,,1,1,103,6499,ITEM_STATUS_SOLD_OUT,https://jp.mercari.com/item/m54161163176,PRAGMATA プラグマタ　Switch2
pragmata_switch2,m32963810424,Switch 2,1,0,0,,1,1,103,6500,ITEM_STATUS_SOLD_OUT,https://jp.mercari.com/item/m32963810424,PRAGMATA Nintendo Switch2 プラグマタ
pragmata_switch2,m10883216741,Switch 2,1,0,0,,1,1,103,6300,ITEM_STATUS_SOLD_OUT,https://jp.mercari.com/item/m10883216741,Switch2 プラグマタ
pragmata_switch2,m10319789923,Switch 2,1,0,0,,1,1,104,6980,ITEM_STATUS_SOLD_OUT,https://jp.mercari.com/item/m10319789923,【Switch2 】プラグマタ
pragmata_switch2,m42493036986,Switch 2,1,0,0,,1,1,104,5670,ITEM_STATUS_SOLD_OUT,https://jp.mercari.com/item/m42493036986,Switch2 プラグマタ
pragmata_switch2,m16310666754,Switch 2,1,0,0,,1,2,105,6111,ITEM_STATUS_SOLD_OUT,https://jp.mercari.com/item/m16310666754,Nintendo Switch2 プラグマタ 任天堂 ソフト PRAGMATA
pragmata_switch2,m66446049454,Switch 2,1,0,0,,1,1,105,6550,ITEM_STATUS_SOLD_OUT,https://jp.mercari.com/item/m66446049454,プラグマタ PRAGMATA Switch2 早期購入特典未使用付き
pragmata_switch2,m40625083408,unknown,1,0,0,,1,1,106,6400,ITEM_STATUS_SOLD_OUT,https://jp.mercari.com/item/m40625083408,PRAGMATA Nintendo Switch ソフト　プラグマタ
pragmata_switch2,m61112792048,Switch 2,1,0,0,,1,1,106,6100,ITEM_STATUS_SOLD_OUT,https://jp.mercari.com/item/m61112792048,Switch2 プラグマタ
pragmata_switch2,m59527878258,Switch 2,1,0,0,,1,1,107,6800,ITEM_STATUS_SOLD_OUT,https://jp.mercari.com/item/m59527878258,Switch2 プラグマタ
pragmata_switch2,m57295219099,Switch 2,1,0,0,,1,1,108,6500,ITEM_STATUS_SOLD_OUT,https://jp.mercari.com/item/m57295219099,PRAGMATA Switch2 プラグマタ
pragmata_switch2,m58301586362,Switch 2,1,0,0,,1,1,108,6399,ITEM_STATUS_SOLD_OUT,https://jp.mercari.com/item/m58301586362,Switch2 PRAGMATA プラグマタ
pragmata_switch2,m53703731053,Switch 2,1,0,0,,1,1,109,7000,ITEM_STATUS_SOLD_OUT,https://jp.mercari.com/item/m53703731053,Switch2 プラグマタ
pragmata_switch2,m98004023620,unknown,1,0,0,,1,1,109,4666,ITEM_STATUS_SOLD_OUT,https://jp.mercari.com/item/m98004023620,amiibo プラグマタ ディアナ
pragmata_switch2,m71221630944,Switch 2,1,0,0,,1,1,110,7688,ITEM_STATUS_SOLD_OUT,https://jp.mercari.com/item/m71221630944,Switch2 プラグマタ
pragmata_switch2,m97738088838,Switch 2,1,0,0,,1,1,110,6888,ITEM_STATUS_SOLD_OUT,https://jp.mercari.com/item/m97738088838,水曜発送【特典未使用】プラグマタ　PRAGMATA Switch2
pragmata_switch2,m58412870075,Switch 2,1,0,0,,1,1,111,6000,ITEM_STATUS_SOLD_OUT,https://jp.mercari.com/item/m58412870075,PRAGMATA(プラグマタ) Nintendo Switch2ソフト
pragmata_switch2,m13857107949,Switch 2,1,0,0,,1,1,111,6500,ITEM_STATUS_SOLD_OUT,https://jp.mercari.com/item/m13857107949,Switch2 PRAGMATA プラグマタ
pragmata_switch2,m88384226263,Switch 2,1,0,0,,1,1,111,6700,ITEM_STATUS_SOLD_OUT,https://jp.mercari.com/item/m88384226263,【新品未開封】プラグマタ【Switch2】
pragmata_switch2,m16996343855,Switch 2,1,0,0,,1,1,112,6200,ITEM_STATUS_SOLD_OUT,https://jp.mercari.com/item/m16996343855,PRAGMATA プラグマタ Switch2版
pragmata_switch2,m63655076332,Switch 2,1,0,0,,1,1,112,6700,ITEM_STATUS_SOLD_OUT,https://jp.mercari.com/item/m63655076332,Switch2 プラグマタ
pragmata_switch2,m56081782605,Switch 2,1,0,0,,1,1,112,6500,ITEM_STATUS_SOLD_OUT,https://jp.mercari.com/item/m56081782605,プラグマタ Nintendo Switch2 ソフト DLC未使用
pragmata_switch2,m13028795482,Switch 2,1,0,0,,1,1,113,6900,ITEM_STATUS_SOLD_OUT,https://jp.mercari.com/item/m13028795482,Switch2 プラグマタ
pragmata_switch2,m56305953132,Switch 2,1,0,0,,1,2,113,4444,ITEM_STATUS_ON_SALE,https://jp.mercari.com/item/m56305953132,プラグマタ switch2amiboディアナ使用品
pragmata_switch2,m88493762155,Switch 2,1,0,0,,1,1,114,6600,ITEM_STATUS_SOLD_OUT,https://jp.mercari.com/item/m88493762155,【特典コード付・スピード発送】プラグマタ PRAGMATA Switch2
pragmata_switch2,m36039646820,Switch 2,1,0,0,,1,1,115,6190,ITEM_STATUS_SOLD_OUT,https://jp.mercari.com/item/m36039646820,Switch2 プラグマタ
pragmata_switch2,m16670985666,PS5,1,0,1,wrong_platform,0,2,1,4800,ITEM_STATUS_ON_SALE,https://jp.mercari.com/item/m16670985666,PS5 PRAGMATA プラグマタ
pragmata_switch2,m70787015721,PS5,1,0,1,wrong_platform,0,1,2,4990,ITEM_STATUS_ON_SALE,https://jp.mercari.com/item/m70787015721,PRAGMATA プラグマタ PS5
pragmata_switch2,m11870632664,PS5,1,0,1,wrong_platform,0,1,3,5000,ITEM_STATUS_ON_SALE,https://jp.mercari.com/item/m11870632664,PS5 プラグマタ
pragmata_switch2,m74952264365,PS5,1,0,1,wrong_platform,0,2,4,4950,ITEM_STATUS_ON_SALE,https://jp.mercari.com/item/m74952264365,PS5 PRAGMATA プラグマタ
pragmata_switch2,m54422726294,PS5,1,0,1,wrong_platform,0,1,4,4980,ITEM_STATUS_ON_SALE,https://jp.mercari.com/item/m54422726294,PS5 PRAGMATA カプコン ソフト
pragmata_switch2,m92168821815,PS5,1,0,1,wrong_platform,0,2,5,5000,ITEM_STATUS_ON_SALE,https://jp.mercari.com/item/m92168821815,PS5 PRAGMATA プラグマタ
pragmata_switch2,m61938166793,PS5,1,0,1,wrong_platform,0,2,6,5000,ITEM_STATUS_ON_SALE,https://jp.mercari.com/item/m61938166793,PS5 PRAGMATA プラグマタ
pragmata_switch2,m54710736635,PS5,1,0,1,wrong_platform,0,1,7,5000,ITEM_STATUS_ON_SALE,https://jp.mercari.com/item/m54710736635,PS5 プラグマタ
pragmata_switch2,m70343371137,PS5,1,0,1,wrong_platform,0,1,8,5000,ITEM_STATUS_ON_SALE,https://jp.mercari.com/item/m70343371137,PS5 プラグマタ
pragmata_switch2,m99820891368,PS5,1,0,1,wrong_platform,0,1,8,4980,ITEM_STATUS_ON_SALE,https://jp.mercari.com/item/m99820891368,PRAGMATA PS5 ソフト
pragmata_switch2,m17860617401,PS5,1,0,1,wrong_platform,0,1,10,5280,ITEM_STATUS_ON_SALE,https://jp.mercari.com/item/m17860617401,Ps5 PRAGMATA ソフト
pragmata_switch2,m34450803526,PS5,1,0,1,wrong_platform,0,1,12,5000,ITEM_STATUS_ON_SALE,https://jp.mercari.com/item/m34450803526,PS5 プラグマタ
pragmata_switch2,m31192171303,unknown,0,0,1,limited_edition,0,1,12,3999,ITEM_STATUS_ON_SALE,https://jp.mercari.com/item/m31192171303,PRAGMATA プラグマタ ディアナ マスコット　中国限定
pragmata_switch2,m30051075869,PS5,1,0,1,wrong_platform,0,2,13,5000,ITEM_STATUS_ON_SALE,https://jp.mercari.com/item/m30051075869,PS5 PRAGMATA プラグマタ
pragmata_switch2,m94409373553,PS5,1,0,1,wrong_platform,0,2,14,5200,ITEM_STATUS_ON_SALE,https://jp.mercari.com/item/m94409373553,PS5 PRAGMATA プラグマタ
pragmata_switch2,m87540098337,PS5,1,0,1,wrong_platform,0,1,14,5000,ITEM_STATUS_ON_SALE,https://jp.mercari.com/item/m87540098337,PS5 PRAGMATA カプコン
pragmata_switch2,m85952227813,PS5,1,0,1,wrong_platform,0,1,15,5000,ITEM_STATUS_ON_SALE,https://jp.mercari.com/item/m85952227813,PS5 PRAGMATA カプコン ソフト
pragmata_switch2,m60218527432,PS5,1,0,1,wrong_platform,0,2,16,5200,ITEM_STATUS_ON_SALE,https://jp.mercari.com/item/m60218527432,PS5 PRAGMATA プラグマタ
pragmata_switch2,m88838909798,PS5,1,0,1,wrong_platform,0,1,18,5200,ITEM_STATUS_ON_SALE,https://jp.mercari.com/item/m88838909798,PS5 プラグマタ
pragmata_switch2,m23054926067,PS5,1,0,1,wrong_platform,0,1,20,5600,ITEM_STATUS_SOLD_OUT,https://jp.mercari.com/item/m23054926067,PS5 ゲームソフト PRAGMATA プラグマタ
pragmata_switch2,m99976136682,Switch 2,0,0,1,limited_edition,0,2,20,6000,ITEM_STATUS_ON_SALE,https://jp.mercari.com/item/m99976136682,Switch2 プラグマタ デラックスエディション
pragmata_switch2,m92896500324,unknown,0,0,1,limited_edition,0,1,22,6000,ITEM_STATUS_ON_SALE,https://jp.mercari.com/item/m92896500324,プラグマタ デラックスエディション
pragmata_switch2,m60358332609,PS5,1,0,1,wrong_platform,0,2,23,5400,ITEM_STATUS_SOLD_OUT,https://jp.mercari.com/item/m60358332609,PRAGMATA PS5　プラグマタ
pragmata_switch2,m75315573123,PS5,1,0,1,wrong_platform,0,1,24,5200,ITEM_STATUS_ON_SALE,https://jp.mercari.com/item/m75315573123,PS5 プラグマタ
pragmata_switch2,m19740143083,PS5,1,0,1,wrong_platform,0,1,24,5600,ITEM_STATUS_ON_SALE,https://jp.mercari.com/item/m19740143083,【美品】PS5版 PRAGMATA（プラグマタ）
pragmata_switch2,m69154314298,PS5,1,0,1,wrong_platform,0,1,25,5100,ITEM_STATUS_SOLD_OUT,https://jp.mercari.com/item/m69154314298,PS5 プラグマタ
pragmata_switch2,m18848949519,Switch 2,0,0,1,limited_edition,0,2,25,8577,ITEM_STATUS_ON_SALE,https://jp.mercari.com/item/m18848949519,新品未開封【Switch2】 プラグマタ [デラックスエディション]
pragmata_switch2,m31733620001,PS5,1,0,1,wrong_platform,0,2,26,5200,ITEM_STATUS_ON_SALE,https://jp.mercari.com/item/m31733620001,PS5 PRAGMATA プラグマタ
pragmata_switch2,m64375292501,PS5,1,0,1,wrong_platform,0,1,26,5200,ITEM_STATUS_ON_SALE,https://jp.mercari.com/item/m64375292501,PS5 プラグマタ PRAGMATA
pragmata_switch2,m60169253676,PS5,0,0,1,wrong_platform,0,1,26,13100,ITEM_STATUS_SOLD_OUT,https://jp.mercari.com/item/m60169253676,PS5 プラグマタ デラックスエディション PRAGMATA ゲームソフト 新品
pragmata_switch2,m68413058493,PS5,1,0,1,wrong_platform,0,1,27,5450,ITEM_STATUS_SOLD_OUT,https://jp.mercari.com/item/m68413058493,PS5 プラグマタ
pragmata_switch2,m90899125977,PS5,1,0,1,wrong_platform,0,1,28,5400,ITEM_STATUS_SOLD_OUT,https://jp.mercari.com/item/m90899125977,PS5 プラグマタ
pragmata_switch2,m13142169708,unknown,0,0,1,limited_edition,0,1,28,3999,ITEM_STATUS_ON_SALE,https://jp.mercari.com/item/m13142169708,【未使用】TGS限定 PRAGMATA プラグマタ スケッチブック
pragmata_switch2,m85360840016,PS5,1,0,1,wrong_platform,0,1,30,5100,ITEM_STATUS_ON_SALE,https://jp.mercari.com/item/m85360840016,PS5 プラグマタ
pragmata_switch2,m79341841202,PS5,1,0,1,wrong_platform,0,1,31,5699,ITEM_STATUS_SOLD_OUT,https://jp.mercari.com/item/m79341841202,PS5 プラグマタ
pragmata_switch2,m63009724714,PS5,1,0,1,wrong_platform,0,1,32,5400,ITEM_STATUS_SOLD_OUT,https://jp.mercari.com/item/m63009724714,PS5 プラグマタ
pragmata_switch2,m97777488415,PS5,1,0,1,wrong_platform,0,1,32,5350,ITEM_STATUS_ON_SALE,https://jp.mercari.com/item/m97777488415,プラグマタ（PRAGMATA） PS5 ソフト
pragmata_switch2,m52979528507,PS5,1,0,1,wrong_platform,0,1,33,5700,ITEM_STATUS_SOLD_OUT,https://jp.mercari.com/item/m52979528507,PS5 プラグマタ
pragmata_switch2,m30773100844,PS5,1,0,1,wrong_platform,0,1,33,5050,ITEM_STATUS_ON_SALE,https://jp.mercari.com/item/m30773100844,PS5 PRAGMATA カプコン プレイステーション5 ソフト
pragmata_switch2,m83928149138,PS5,1,0,1,wrong_platform,0,1,34,5190,ITEM_STATUS_ON_SALE,https://jp.mercari.com/item/m83928149138,PS5用　プラグマタ
pragmata_switch2,m27114095270,PS5,1,0,1,wrong_platform,0,1,34,5250,ITEM_STATUS_ON_SALE,https://jp.mercari.com/item/m27114095270,PS5『プラグマタ/PRAGMATA』
pragmata_switch2,m94919291528,PS5,1,0,1,wrong_platform,0,2,35,5300,ITEM_STATUS_SOLD_OUT,https://jp.mercari.com/item/m94919291528,PRAGMATA PS5 プラグマタ
pragmata_switch2,m57335595307,PS5,1,0,1,wrong_platform,0,1,35,5149,ITEM_STATUS_ON_SALE,https://jp.mercari.com/item/m57335595307,PS5 PRAGMATA プラグマタ ps5ソフト CAPCOM
pragmata_switch2,m86551633738,PS5,0,0,1,wrong_platform,0,1,36,5200,ITEM_STATUS_ON_SALE,https://jp.mercari.com/item/m86551633738,PRAGMATA DELUXE EDITION PS5特典無し
pragmata_switch2,m20477909107,PS5,1,0,1,wrong_platform,0,1,37,5300,ITEM_STATUS_ON_SALE,https://jp.mercari.com/item/m20477909107,PS5 プラグマタ
pragmata_switch2,m10317056667,PS5,1,0,1,wrong_platform,0,1,38,5300,ITEM_STATUS_ON_SALE,https://jp.mercari.com/item/m10317056667,PS5 プラグマタ
pragmata_switch2,m37412445268,Switch 2,0,0,1,limited_edition,0,3,38,8900,ITEM_STATUS_ON_SALE,https://jp.mercari.com/item/m37412445268,早期購入特典•デラックスエディション付 Switch2 プラグマタ
pragmata_switch2,m52854258444,PS5,1,0,1,wrong_platform,0,1,38,5200,ITEM_STATUS_ON_SALE,https://jp.mercari.com/item/m52854258444,PS5 PRAGMATA
pragmata_switch2,m42106093974,PS5,1,0,1,wrong_platform,0,1,39,5280,ITEM_STATUS_SOLD_OUT,https://jp.mercari.com/item/m42106093974,PS5 プラグマタ
pragmata_switch2,m88018593716,PS5,1,0,1,wrong_platform,0,1,41,5500,ITEM_STATUS_ON_SALE,https://jp.mercari.com/item/m88018593716,PS5 プラグマタ
pragmata_switch2,m16408019666,Switch 2,0,0,1,limited_edition,0,2,41,7900,ITEM_STATUS_ON_SALE,https://jp.mercari.com/item/m16408019666,Switch2 プラグマタ デラックスエディション
pragmata_switch2,m51862120967,PS5,1,0,1,wrong_platform,0,1,42,5400,ITEM_STATUS_SOLD_OUT,https://jp.mercari.com/item/m51862120967,PS5 プラグマタ
pragmata_switch2,m14368088815,PS5,1,0,1,wrong_platform,0,1,42,5000,ITEM_STATUS_ON_SALE,https://jp.mercari.com/item/m14368088815,PS5 PRAGMATA カプコン ソフト
pragmata_switch2,m75622031263,PS5,1,0,1,wrong_platform,0,1,43,5700,ITEM_STATUS_ON_SALE,https://jp.mercari.com/item/m75622031263,PS5 プラグマタ
pragmata_switch2,m23368259626,Switch 2,0,0,1,limited_edition,0,2,44,12000,ITEM_STATUS_ON_SALE,https://jp.mercari.com/item/m23368259626,☆新品未開封 Switch2 プラグマタ デラックスエディション 特典付き☆
pragmata_switch2,m85319958014,PS5,1,0,1,wrong_platform,0,1,45,5400,ITEM_STATUS_ON_SALE,https://jp.mercari.com/item/m85319958014,PS5 プラグマタ
pragmata_switch2,m22921646219,Switch 2,0,0,1,limited_edition,0,2,45,17980,ITEM_STATUS_ON_SALE,https://jp.mercari.com/item/m22921646219,Switch2 プラグマタ デラックスエディション
pragmata_switch2,m17954077459,PS5,1,0,1,wrong_platform,0,1,46,5350,ITEM_STATUS_SOLD_OUT,https://jp.mercari.com/item/m17954077459,PS5 PRAGMATA カプコン プレイステーション5 ソフト
pragmata_switch2,m22564072876,ambiguous,0,1,1,unmatched_title,0,2,46,40000,ITEM_STATUS_ON_SALE,https://jp.mercari.com/item/m22564072876,ps5、Switch、Switch2ソフトまとめ売り
pragmata_switch2,m11645762063,PS5,1,0,1,wrong_platform,0,1,48,7450,ITEM_STATUS_ON_SALE,https://jp.mercari.com/item/m11645762063,PS5 プラグマタ
pragmata_switch2,m96568283840,PS5,1,0,1,wrong_platform,0,1,50,1250,ITEM_STATUS_ON_SALE,https://jp.mercari.com/item/m96568283840,プラグマタ PRAGMATA PS5 ステッカー 3枚入り
pragmata_switch2,m65572421984,PS5,1,0,1,wrong_platform,0,1,51,5600,ITEM_STATUS_ON_SALE,https://jp.mercari.com/item/m65572421984,PS5 プラグマタ
pragmata_switch2,m59016053099,Switch 2,0,0,1,limited_edition,0,1,51,9980,ITEM_STATUS_SOLD_OUT,https://jp.mercari.com/item/m59016053099,新品未開封【Switch2】 プラグマタ [デラックスエディション]
pragmata_switch2,m55554701048,PS5,1,0,1,wrong_platform,0,2,52,4800,ITEM_STATUS_TRADING,https://jp.mercari.com/item/m55554701048,PS5 PRAGMATA プラグマタ
pragmata_switch2,m84935963324,PS5,1,0,1,wrong_platform,0,1,53,5999,ITEM_STATUS_ON_SALE,https://jp.mercari.com/item/m84935963324,PS5 プラグマタ
pragmata_switch2,m11405268844,unknown,0,0,1,limited_edition,0,1,53,5600,ITEM_STATUS_ON_SALE,https://jp.mercari.com/item/m11405268844,PRAGMATA DELUXE EDITION Switch
pragmata_switch2,m65818886330,PS5,1,0,1,wrong_platform,0,1,54,4950,ITEM_STATUS_SOLD_OUT,https://jp.mercari.com/item/m65818886330,PS5 プラグマタ
pragmata_switch2,m97826166437,PS5,1,0,1,wrong_platform,0,1,54,5500,ITEM_STATUS_ON_SALE,https://jp.mercari.com/item/m97826166437,PRAGMATA PS5 ソフト
pragmata_switch2,2JR8seiNiZaMkFqmokMna5,unknown,0,0,1,limited_edition,0,2,54,7000,ITEM_STATUS_SOLD_OUT,https://jp.mercari.com/shops/product/2JR8seiNiZaMkFqmokMna5,美品 PRAGMATA プラグマタ デラックスエディション「早期購入特典未使用」「シェルターバラエティパック未使用」　管理番号:Z578
pragmata_switch2,m29199320896,PS5,1,0,1,wrong_platform,0,1,56,4950,ITEM_STATUS_SOLD_OUT,https://jp.mercari.com/item/m29199320896,PS5 PRAGMATA プラグマタ
pragmata_switch2,m91343151368,PS5,1,0,1,wrong_platform,0,1,57,6500,ITEM_STATUS_ON_SALE,https://jp.mercari.com/item/m91343151368,PRAGMATA PS5 プラグマタ
pragmata_switch2,m70754268506,PS5,1,0,1,wrong_platform,0,1,58,4900,ITEM_STATUS_SOLD_OUT,https://jp.mercari.com/item/m70754268506,PS5 PRAGMATA プラグマタ
pragmata_switch2,m42076156430,PS5,1,0,1,wrong_platform,0,1,59,6680,ITEM_STATUS_ON_SALE,https://jp.mercari.com/item/m42076156430,PS5 プラグマタ
pragmata_switch2,m30908482353,PS5,1,0,1,wrong_platform,0,1,61,5600,ITEM_STATUS_SOLD_OUT,https://jp.mercari.com/item/m30908482353,【PS5】PRAGMATA　プラグマタ
pragmata_switch2,m15665038400,PS5,1,0,1,wrong_platform,0,1,62,5900,ITEM_STATUS_SOLD_OUT,https://jp.mercari.com/item/m15665038400,【未開封】PS5 プラグマタ
pragmata_switch2,m54397552665,PS5,1,0,1,wrong_platform,0,1,63,5600,ITEM_STATUS_SOLD_OUT,https://jp.mercari.com/item/m54397552665,PRAGMATA PS5 ソフト　プラグマタ
pragmata_switch2,m75297038972,PS5,1,0,1,wrong_platform,0,1,64,5690,ITEM_STATUS_SOLD_OUT,https://jp.mercari.com/item/m75297038972,PRAGMATA PS5 プラグマタ
pragmata_switch2,m41892649487,PS5,1,0,1,wrong_platform,0,1,64,5240,ITEM_STATUS_ON_SALE,https://jp.mercari.com/item/m41892649487,PRAGMATA PS5 プラグマタ　通常盤
pragmata_switch2,m72635985221,PS5,1,0,1,wrong_platform,0,1,65,5600,ITEM_STATUS_SOLD_OUT,https://jp.mercari.com/item/m72635985221,PRAGMATA PS5 プラグマタ
pragmata_switch2,m11061087509,PS5,1,0,1,wrong_platform,0,1,66,5600,ITEM_STATUS_SOLD_OUT,https://jp.mercari.com/item/m11061087509,PRAGMATA PS5 ソフト　プラグマタ
pragmata_switch2,m20452048253,PS5,0,0,1,wrong_platform,0,1,66,6500,ITEM_STATUS_ON_SALE,https://jp.mercari.com/item/m20452048253,PS5 PRAGMATA DELUXE EDITION 特典未使用
pragmata_switch2,m57877377713,PS5,1,0,1,wrong_platform,0,1,67,5800,ITEM_STATUS_SOLD_OUT,https://jp.mercari.com/item/m57877377713,PS5 プラグマタ
pragmata_switch2,m83032872393,PS5,1,0,1,wrong_platform,0,1,68,5600,ITEM_STATUS_SOLD_OUT,https://jp.mercari.com/item/m83032872393,PS5 プラグマタ 早期購入特典DLコード付き
pragmata_switch2,m29545233387,PS5,1,0,1,wrong_platform,0,1,69,5600,ITEM_STATUS_SOLD_OUT,https://jp.mercari.com/item/m29545233387,プラグマタ　PRAGMATA PS5 ソフト
pragmata_switch2,m21302157703,PS5,1,0,1,wrong_platform,0,1,69,5599,ITEM_STATUS_ON_SALE,https://jp.mercari.com/item/m21302157703,PRAGMATA PS5
pragmata_switch2,2JRanNW5vcxCNqfc42UhX6,Switch 2,0,0,1,limited_edition,0,1,69,14342,ITEM_STATUS_ON_SALE,https://jp.mercari.com/shops/product/2JRanNW5vcxCNqfc42UhX6,【新品/在庫あり】[ニンテンドースイッチ2ソフト] プラグマタ デラックスエディション [POT-R-AA5PA] *早期購入特典付
pragmata_switch2,m72218003524,PS5,1,0,1,wrong_platform,0,1,70,5800,ITEM_STATUS_SOLD_OUT,https://jp.mercari.com/item/m72218003524,【美品】PS5 PRAGMATA プラグマタ
pragmata_switch2,m84200052039,PS5,1,0,1,wrong_platform,0,1,71,5555,ITEM_STATUS_SOLD_OUT,https://jp.mercari.com/item/m84200052039,PRAGMATA PS5 プラグマタ
pragmata_switch2,m84679303841,PS5,1,0,1,wrong_platform,0,1,72,5500,ITEM_STATUS_SOLD_OUT,https://jp.mercari.com/item/m84679303841,PS5 プラグマタ
pragmata_switch2,m49743097855,PS5,1,0,1,wrong_platform,0,1,73,5900,ITEM_STATUS_SOLD_OUT,https://jp.mercari.com/item/m49743097855,コード未使用　PRAGMATA PS5 プラグマタ
pragmata_switch2,m74554547548,PS5,1,0,1,wrong_platform,0,1,73,5200,ITEM_STATUS_ON_SALE,https://jp.mercari.com/item/m74554547548,PS5 PRAGMATA カプコン プレイステーション5 ソフト
pragmata_switch2,m60895524948,PS5,1,0,1,wrong_platform,0,1,74,5980,ITEM_STATUS_SOLD_OUT,https://jp.mercari.com/item/m60895524948,PRAGMATA PS5 プラグマタ
pragmata_switch2,m27784375803,PS5,1,0,1,wrong_platform,0,1,76,5900,ITEM_STATUS_SOLD_OUT,https://jp.mercari.com/item/m27784375803,PRAGMATA PS5 プラグマタ
pragmata_switch2,m27441744731,PS5,1,0,1,wrong_platform,0,1,77,5555,ITEM_STATUS_SOLD_OUT,https://jp.mercari.com/item/m27441744731,PRAGMATA PS5 プラグマタ
pragmata_switch2,m25120153203,PS5,1,0,1,wrong_platform,0,1,78,5500,ITEM_STATUS_SOLD_OUT,https://jp.mercari.com/item/m25120153203,PRAGMATA PS5 プラグマタ
pragmata_switch2,m53924895864,PS5,1,0,1,wrong_platform,0,1,78,5250,ITEM_STATUS_ON_SALE,https://jp.mercari.com/item/m53924895864,PS5 PRAGMATA
pragmata_switch2,m69033817814,Switch 2,0,0,1,limited_edition,0,1,78,7800,ITEM_STATUS_SOLD_OUT,https://jp.mercari.com/item/m69033817814,Switch2 プラグマタ　デラックスエディション　特典未使用
pragmata_switch2,m51743501327,PS5,1,0,1,wrong_platform,0,1,79,5600,ITEM_STATUS_SOLD_OUT,https://jp.mercari.com/item/m51743501327,PRAGMATA PS5 プラグマタ
pragmata_switch2,m48999380806,PS5,1,0,1,wrong_platform,0,1,79,5500,ITEM_STATUS_ON_SALE,https://jp.mercari.com/item/m48999380806,PRAGMATA PS5 ソフト
pragmata_switch2,m36271553395,Switch 2,0,0,1,limited_edition,0,1,79,7988,ITEM_STATUS_SOLD_OUT,https://jp.mercari.com/item/m36271553395,プラグマタSwitch 2デラックスエディション版　未開封
pragmata_switch2,m16275196620,PS5,1,0,1,wrong_platform,0,1,80,6290,ITEM_STATUS_SOLD_OUT,https://jp.mercari.com/item/m16275196620,PS5 ソフト PRAGMATA プラグマタ
pragmata_switch2,m44302757663,PS5,1,0,1,wrong_platform,0,1,81,5700,ITEM_STATUS_SOLD_OUT,https://jp.mercari.com/item/m44302757663,PRAGMATA PS5 プラグマタ
pragmata_switch2,m93815126594,PS5,1,0,1,wrong_platform,0,1,82,5500,ITEM_STATUS_SOLD_OUT,https://jp.mercari.com/item/m93815126594,PS5 PRAGMATA プラグマタ
pragmata_switch2,m98888134271,PS5,1,0,1,wrong_platform,0,1,82,5600,ITEM_STATUS_ON_SALE,https://jp.mercari.com/item/m98888134271,PS5 PRAGMATA カプコン　ps5
pragmata_switch2,m53746878448,PS5,1,0,1,wrong_platform,0,1,83,5800,ITEM_STATUS_SOLD_OUT,https://jp.mercari.com/item/m53746878448,【新品•未使用品】PS5 プラグマタ
pragmata_switch2,m37559367006,PS5,1,0,1,wrong_platform,0,1,84,5800,ITEM_STATUS_SOLD_OUT,https://jp.mercari.com/item/m37559367006,PS5 PRAGMATA プラグマタ
pragmata_switch2,m24212698404,PS5,1,0,1,wrong_platform,0,1,84,5500,ITEM_STATUS_ON_SALE,https://jp.mercari.com/item/m24212698404,プラグマタ PRAGMATA PS5 ソフト
pragmata_switch2,m20568907327,PS5,1,0,1,wrong_platform,0,1,85,5400,ITEM_STATUS_SOLD_OUT,https://jp.mercari.com/item/m20568907327,PRAGMATA PS5 パッケージ版　プラグマタ
pragmata_switch2,m71773565309,PS5,1,0,1,wrong_platform,0,1,85,5980,ITEM_STATUS_ON_SALE,https://jp.mercari.com/item/m71773565309,PS5 PRAGMATA プラグマタ 早期購入特典付き
pragmata_switch2,m71803335635,PS5,1,0,1,wrong_platform,0,2,86,5500,ITEM_STATUS_SOLD_OUT,https://jp.mercari.com/item/m71803335635,PS5 プラグマタ PRAGMATA
pragmata_switch2,m67336234041,PS5,1,0,1,wrong_platform,0,1,87,5700,ITEM_STATUS_SOLD_OUT,https://jp.mercari.com/item/m67336234041,PS5 プラグマタ
pragmata_switch2,m25534657253,PS5,1,0,1,wrong_platform,0,1,89,5600,ITEM_STATUS_SOLD_OUT,https://jp.mercari.com/item/m25534657253,PRAGMATA PS5 ソフトプラグマタ
pragmata_switch2,m67296502565,PS5,1,0,1,wrong_platform,0,1,89,5699,ITEM_STATUS_SOLD_OUT,https://jp.mercari.com/item/m67296502565,プラグマタ PRAGMATA PlayStation 5 ソフト
pragmata_switch2,m72378450028,PS5,1,0,1,wrong_platform,0,1,90,5500,ITEM_STATUS_SOLD_OUT,https://jp.mercari.com/item/m72378450028,J*a様 PS5 プラグマタ
pragmata_switch2,m22117753900,PS5,1,0,1,wrong_platform,0,1,92,5600,ITEM_STATUS_SOLD_OUT,https://jp.mercari.com/item/m22117753900,PS5 PRAGMATA プラグマタ
pragmata_switch2,m83726528448,PS5,1,0,1,wrong_platform,0,1,92,6000,ITEM_STATUS_ON_SALE,https://jp.mercari.com/item/m83726528448,PRAGMATA PS5
pragmata_switch2,m95399667828,PS5,1,0,1,wrong_platform,0,1,93,5500,ITEM_STATUS_SOLD_OUT,https://jp.mercari.com/item/m95399667828,PS5 PRAGMATA プラグマタ
pragmata_switch2,m72924893553,PS5,1,0,1,wrong_platform,0,1,94,5600,ITEM_STATUS_SOLD_OUT,https://jp.mercari.com/item/m72924893553,PS5 プラグマタ
pragmata_switch2,m56109251351,PS5,1,0,1,wrong_platform,0,1,94,6000,ITEM_STATUS_ON_SALE,https://jp.mercari.com/item/m56109251351,PRAGMATA (PS5)　プレステーション
pragmata_switch2,m35612747421,PS5,1,0,1,wrong_platform,0,1,95,5800,ITEM_STATUS_SOLD_OUT,https://jp.mercari.com/item/m35612747421,PS5 PRAGMATA プラグマタ 美品
pragmata_switch2,m80107938105,PS5,1,0,1,wrong_platform,0,1,96,5600,ITEM_STATUS_SOLD_OUT,https://jp.mercari.com/item/m80107938105,早期購入特典付き　コード未使用　PS5 PRAGMATA プラグマタ
pragmata_switch2,m37834929347,PS5,1,0,1,wrong_platform,0,1,97,5800,ITEM_STATUS_SOLD_OUT,https://jp.mercari.com/item/m37834929347,PS5 PRAGMATA プラグマタ
pragmata_switch2,m64941127023,PS5,1,0,1,wrong_platform,0,1,98,6499,ITEM_STATUS_SOLD_OUT,https://jp.mercari.com/item/m64941127023,PRAGMATA PS5 プラグマタ
pragmata_switch2,m71785637822,PS5,1,0,1,wrong_platform,0,1,98,5300,ITEM_STATUS_SOLD_OUT,https://jp.mercari.com/item/m71785637822,PS5 プラグマタ / PRAGMATA
pragmata_switch2,m48852545367,PS5,1,0,1,wrong_platform,0,1,99,5600,ITEM_STATUS_SOLD_OUT,https://jp.mercari.com/item/m48852545367,PS5 プラグマタ
pragmata_switch2,m39201166111,PS5,1,0,1,wrong_platform,0,1,100,5480,ITEM_STATUS_SOLD_OUT,https://jp.mercari.com/item/m39201166111,PS5 プラグマタ
pragmata_switch2,m52012299035,PS5,1,0,1,wrong_platform,0,1,100,5500,ITEM_STATUS_SOLD_OUT,https://jp.mercari.com/item/m52012299035,PRAGMATA PS5 ソフト
pragmata_switch2,m78698563903,PS5,1,0,1,wrong_platform,0,1,101,5600,ITEM_STATUS_SOLD_OUT,https://jp.mercari.com/item/m78698563903,PRAGMATA PS5 プラグマタ
pragmata_switch2,m71826965970,PS5,1,0,1,wrong_platform,0,1,101,5400,ITEM_STATUS_SOLD_OUT,https://jp.mercari.com/item/m71826965970,PS5 PRAGMATA カプコン ソフト
pragmata_switch2,m24499494239,PS5,1,0,1,wrong_platform,0,1,102,5650,ITEM_STATUS_SOLD_OUT,https://jp.mercari.com/item/m24499494239,PS5 プラグマタ
pragmata_switch2,m37732510858,PS5,1,0,1,wrong_platform,0,1,103,5499,ITEM_STATUS_SOLD_OUT,https://jp.mercari.com/item/m37732510858,プラグマタ PRAGMATA PS5
pragmata_switch2,m73714175181,PS5,1,0,1,wrong_platform,0,1,104,7200,ITEM_STATUS_ON_SALE,https://jp.mercari.com/item/m73714175181,PS5 プラグマタ
pragmata_switch2,m26760148896,PS5,1,0,1,wrong_platform,0,1,104,5300,ITEM_STATUS_SOLD_OUT,https://jp.mercari.com/item/m26760148896,【PS5ディスク版】PRAGMATA プラグマタ
pragmata_switch2,m31122041836,PS5,1,0,1,wrong_platform,0,1,105,5580,ITEM_STATUS_SOLD_OUT,https://jp.mercari.com/item/m31122041836,PS5 プラグマタ
pragmata_switch2,m77546667585,PS5,0,0,1,wrong_platform,0,1,105,9222,ITEM_STATUS_SOLD_OUT,https://jp.mercari.com/item/m77546667585,PS5 プラグマタ デラックスエディション
pragmata_switch2,m74795493713,PS5,1,0,1,wrong_platform,0,1,106,5660,ITEM_STATUS_SOLD_OUT,https://jp.mercari.com/item/m74795493713,PS5 プラグマタ
pragmata_switch2,m51314509950,PS5,1,0,1,wrong_platform,0,1,106,5600,ITEM_STATUS_SOLD_OUT,https://jp.mercari.com/item/m51314509950,PS5 PRAGMATA プラグマタ 早期購入特典付
pragmata_switch2,m50229265109,PS5,1,0,1,wrong_platform,0,1,107,5700,ITEM_STATUS_SOLD_OUT,https://jp.mercari.com/item/m50229265109,PS5 プラグマタ プロダクトコード未使用
pragmata_switch2,m87493321839,PS5,1,0,1,wrong_platform,0,1,107,5400,ITEM_STATUS_SOLD_OUT,https://jp.mercari.com/item/m87493321839,【美品】PS5 プラグマタPRAGMATA
pragmata_switch2,m72606510840,unknown,0,0,1,limited_edition,0,1,107,7200,ITEM_STATUS_SOLD_OUT,https://jp.mercari.com/item/m72606510840,きーまる様専用新品未開封プラグマタデラックスエディション
pragmata_switch2,m68888238913,PS5,1,0,1,wrong_platform,0,1,108,5800,ITEM_STATUS_SOLD_OUT,https://jp.mercari.com/item/m68888238913,【美品】PS5 プラグマタ
pragmata_switch2,m92426495570,PS5,1,0,1,wrong_platform,0,1,108,5500,ITEM_STATUS_SOLD_OUT,https://jp.mercari.com/item/m92426495570,PS5 プラグマタ PRAGMATA 通常版 PlayStation 5 ソフト
pragmata_switch2,m31709122877,PS5,1,0,1,wrong_platform,0,1,109,5899,ITEM_STATUS_SOLD_OUT,https://jp.mercari.com/item/m31709122877,PS5 プラグマタ
pragmata_switch2,m26281147022,PS5,1,0,1,wrong_platform,0,1,110,5800,ITEM_STATUS_SOLD_OUT,https://jp.mercari.com/item/m26281147022,プラグマタ　PRAGMATA ps5
pragmata_switch2,m49185824943,PS5,1,0,1,wrong_platform,0,1,110,5400,ITEM_STATUS_SOLD_OUT,https://jp.mercari.com/item/m49185824943,PS5 プラグマタ パッケージ版
pragmata_switch2,m14784975596,PS5,1,0,1,wrong_platform,0,1,112,5777,ITEM_STATUS_SOLD_OUT,https://jp.mercari.com/item/m14784975596,【PS5ソフト】PRAGMATA　カプコン　プラグマタ
pragmata_switch2,m43678859705,PS5,1,0,1,wrong_platform,0,1,113,6000,ITEM_STATUS_SOLD_OUT,https://jp.mercari.com/item/m43678859705,コード未使用品　PS5 プラグマタ
pragmata_switch2,m40851820218,PS5,1,0,1,wrong_platform,0,1,114,5555,ITEM_STATUS_SOLD_OUT,https://jp.mercari.com/item/m40851820218,PS5 プラグマタ
pragmata_switch2,m55752236481,PS5,1,0,1,wrong_platform,0,1,115,5400,ITEM_STATUS_SOLD_OUT,https://jp.mercari.com/item/m55752236481,【PS5】PRAGMATA（プラグマタ）カプコン 最新作
pragmata_switch2,m27332317347,PS5,1,0,1,wrong_platform,0,1,116,5650,ITEM_STATUS_SOLD_OUT,https://jp.mercari.com/item/m27332317347,PS5 プラグマタ
pragmata_switch2,m66038998095,PS5,1,0,1,wrong_platform,0,1,116,6000,ITEM_STATUS_SOLD_OUT,https://jp.mercari.com/item/m66038998095,新品 PS5 プラグマタ PRAGMATA
pragmata_switch2,m37738905078,PS5,1,0,1,wrong_platform,0,1,117,5500,ITEM_STATUS_SOLD_OUT,https://jp.mercari.com/item/m37738905078,PS5 プラグマタ
pragmata_switch2,m28166212580,PS5,1,0,1,wrong_platform,0,1,118,5500,ITEM_STATUS_SOLD_OUT,https://jp.mercari.com/item/m28166212580,PS5 プラグマタ
